| Event_Location                 | Town         | Country          | Postcode |
| ------------------------------ | ------------ | ---------------- | -------- |
| Summer Leys Visitor Centre     | Wollaston    | Northamptonshire | NN29 7TD |
| Summer Leys Visitor Centre     | Wollaston    | Northamptonshire | NN29 7TD |
| Summer Leys Visitor Centre     | Wollaston    | Northamptonshire | NN29 7TD |
| Wild Chesil Centre             | Portland     | Dorset           | DT4 9XE  |
| Wild Chesil Centre             | Portland     | Dorset           | DT4 9XE  |
| Wild Chesil Centre             | Portland     | Dorset           | DT4 9XE  |
| Blashford Lakes Nature Reserve | Ringwood     | Hampshire        | BH24 3PJ |
| Blashford Lakes Nature Reserve | Ringwood     | Hampshire        | BH24 3PJ |
| Blashford Lakes Nature Reserve | Ringwood     | Hampshire        | BH24 3PJ |
| College Lake Visitor Centre    | Tring        | Hertfordshire    | HP23 5QG |
| College Lake Visitor Centre    | Tring        | Hertfordshire    | HP23 5QG |
| College Lake Visitor Centre    | Tring        | Hertfordshire    | HP23 5QG |
| Global Birdfair                | Oakham       | Rutland          | LE15 7TW |
| Global Birdfair                | Oakham       | Rutland          | LE15 7TW |
| Global Birdfair                | Oakham       | Rutland          | LE15 7TW |
| Tophill Low Nature Reserve     | Driffield    | Yorkshire        | YO25 9RH |
| Tophill Low Nature Reserve     | Driffield    | Yorkshire        | YO25 9RH |
| Tophill Low Nature Reserve     | Driffield    | Yorkshire        | YO25 9RH |
| Hauxley Nature Reserve         | Alnwick      | Northumberland   | NE65 0JR |
| Hauxley Nature Reserve         | Alnwick      | Northumberland   | NE65 0JR |
| Hauxley Nature Reserve         | Alnwick      | Northumberland   | NE65 0JR |
| Portland Bird Observatory      | Portland     | Dorset           | DT5 2JT  |
| Portland Bird Observatory      | Portland     | Dorset           | DT5 2JT  |
| Portland Bird Observatory      | Portland     | Dorset           | DT5 2JT  |
| Stanpit Marsh Nature Reserve   | Christchurch | Dorset           | BH23 3ND |
| Stanpit Marsh Nature Reserve   | Christchurch | Dorset           | BH23 3ND |
| Stanpit Marsh Nature Reserve   | Christchurch | Dorset           | BH23 3ND |
| North Cave Wetlands            | Brough       | Yorkshire        | HU15 2LY |
| North Cave Wetlands            | Brough       | Yorkshire        | HU15 2LY |
| North Cave Wetlands            | Brough       | Yorkshire        | HU15 2LY |
| Nene Wetlands Visitor Centre   | Rushden      | Northamptonshire | NN10 6FA |
|                                |              |                  |          |